id,date,time,status
0,03/09/2025,9:00 AM,Available
13,03/10/2025,9:00 AM,Available
26,03/11/2025,9:00 AM,Available
39,03/12/2025,9:00 AM,Available
52,03/13/2025,9:00 AM,Available
65,03/14/2025,9:00 AM,Available
78,03/15/2025,9:00 AM,Available
91,03/16/2025,9:00 AM,Available
104,03/17/2025,9:00 AM,Available
117,03/18/2025,9:00 AM,Available
130,03/19/2025,9:00 AM,Available
143,03/20/2025,9:00 AM,Available
156,03/21/2025,9:00 AM,Available
169,03/22/2025,9:00 AM,Available
182,03/23/2025,9:00 AM,Available
195,03/24/2025,9:00 AM,Available
208,03/25/2025,9:00 AM,Available
221,03/26/2025,9:00 AM,Available
234,03/27/2025,9:00 AM,Available
247,03/28/2025,9:00 AM,Available
260,03/29/2025,9:00 AM,Available
273,03/30/2025,9:00 AM,Available
286,03/31/2025,9:00 AM,Available
299,04/01/2025,9:00 AM,Available
312,04/02/2025,9:00 AM,Available
325,04/03/2025,9:00 AM,Available
1,03/09/2025,10:00 AM,Available
14,03/10/2025,10:00 AM,Available
27,03/11/2025,10:00 AM,Available
40,03/12/2025,10:00 AM,Available
53,03/13/2025,10:00 AM,Available
66,03/14/2025,10:00 AM,Available
79,03/15/2025,10:00 AM,Available
92,03/16/2025,10:00 AM,Available
105,03/17/2025,10:00 AM,Available
118,03/18/2025,10:00 AM,Available
131,03/19/2025,10:00 AM,Available
144,03/20/2025,10:00 AM,Available
157,03/21/2025,10:00 AM,Available
170,03/22/2025,10:00 AM,Available
183,03/23/2025,10:00 AM,Available
196,03/24/2025,10:00 AM,Available
209,03/25/2025,10:00 AM,Available
222,03/26/2025,10:00 AM,Available
235,03/27/2025,10:00 AM,Available
248,03/28/2025,10:00 AM,Available
261,03/29/2025,10:00 AM,Available
274,03/30/2025,10:00 AM,Available
287,03/31/2025,10:00 AM,Available
300,04/01/2025,10:00 AM,Available
313,04/02/2025,10:00 AM,Available
326,04/03/2025,10:00 AM,Available
2,03/09/2025,11:00 AM,Available
15,03/10/2025,11:00 AM,Available
28,03/11/2025,11:00 AM,Available
41,03/12/2025,11:00 AM,Available
54,03/13/2025,11:00 AM,Available
67,03/14/2025,11:00 AM,Available
80,03/15/2025,11:00 AM,Available
93,03/16/2025,11:00 AM,Available
106,03/17/2025,11:00 AM,Available
119,03/18/2025,11:00 AM,Available
132,03/19/2025,11:00 AM,Available
145,03/20/2025,11:00 AM,Available
158,03/21/2025,11:00 AM,Available
171,03/22/2025,11:00 AM,Available
184,03/23/2025,11:00 AM,Available
197,03/24/2025,11:00 AM,Available
210,03/25/2025,11:00 AM,Available
223,03/26/2025,11:00 AM,Available
236,03/27/2025,11:00 AM,Available
249,03/28/2025,11:00 AM,Available
262,03/29/2025,11:00 AM,Available
275,03/30/2025,11:00 AM,Available
288,03/31/2025,11:00 AM,Available
301,04/01/2025,11:00 AM,Available
314,04/02/2025,11:00 AM,Available
327,04/03/2025,11:00 AM,Available
3,03/09/2025,12:00 PM,Available
16,03/10/2025,12:00 PM,Available
29,03/11/2025,12:00 PM,Available
42,03/12/2025,12:00 PM,Available
55,03/13/2025,12:00 PM,Available
68,03/14/2025,12:00 PM,Available
81,03/15/2025,12:00 PM,Available
94,03/16/2025,12:00 PM,Available
107,03/17/2025,12:00 PM,Available
120,03/18/2025,12:00 PM,Available
133,03/19/2025,12:00 PM,Available
146,03/20/2025,12:00 PM,Available
159,03/21/2025,12:00 PM,Available
172,03/22/2025,12:00 PM,Available
185,03/23/2025,12:00 PM,Available
198,03/24/2025,12:00 PM,Available
211,03/25/2025,12:00 PM,Available
224,03/26/2025,12:00 PM,Available
237,03/27/2025,12:00 PM,Available
250,03/28/2025,12:00 PM,Available
263,03/29/2025,12:00 PM,Available
276,03/30/2025,12:00 PM,Available
289,03/31/2025,12:00 PM,Available
302,04/01/2025,12:00 PM,Available
315,04/02/2025,12:00 PM,Available
328,04/03/2025,12:00 PM,Available
4,03/09/2025,1:00 PM,Available
17,03/10/2025,1:00 PM,Available
30,03/11/2025,1:00 PM,Available
43,03/12/2025,1:00 PM,Available
56,03/13/2025,1:00 PM,Available
69,03/14/2025,1:00 PM,Available
82,03/15/2025,1:00 PM,Available
95,03/16/2025,1:00 PM,Available
108,03/17/2025,1:00 PM,Available
121,03/18/2025,1:00 PM,Available
134,03/19/2025,1:00 PM,Available
147,03/20/2025,1:00 PM,Available
160,03/21/2025,1:00 PM,Available
173,03/22/2025,1:00 PM,Available
186,03/23/2025,1:00 PM,Available
199,03/24/2025,1:00 PM,Available
212,03/25/2025,1:00 PM,Available
225,03/26/2025,1:00 PM,Available
238,03/27/2025,1:00 PM,Available
251,03/28/2025,1:00 PM,Available
264,03/29/2025,1:00 PM,Available
277,03/30/2025,1:00 PM,Available
290,03/31/2025,1:00 PM,Available
303,04/01/2025,1:00 PM,Available
316,04/02/2025,1:00 PM,Available
329,04/03/2025,1:00 PM,Available
5,03/09/2025,2:00 PM,Available
18,03/10/2025,2:00 PM,Available
31,03/11/2025,2:00 PM,Available
44,03/12/2025,2:00 PM,Available
57,03/13/2025,2:00 PM,Available
70,03/14/2025,2:00 PM,Available
83,03/15/2025,2:00 PM,Available
96,03/16/2025,2:00 PM,Available
109,03/17/2025,2:00 PM,Available
122,03/18/2025,2:00 PM,Available
135,03/19/2025,2:00 PM,Available
148,03/20/2025,2:00 PM,Available
161,03/21/2025,2:00 PM,Available
174,03/22/2025,2:00 PM,Available
187,03/23/2025,2:00 PM,Available
200,03/24/2025,2:00 PM,Available
213,03/25/2025,2:00 PM,Available
226,03/26/2025,2:00 PM,Available
239,03/27/2025,2:00 PM,Available
252,03/28/2025,2:00 PM,Available
265,03/29/2025,2:00 PM,Available
278,03/30/2025,2:00 PM,Available
291,03/31/2025,2:00 PM,Available
304,04/01/2025,2:00 PM,Available
317,04/02/2025,2:00 PM,Available
330,04/03/2025,2:00 PM,Available
6,03/09/2025,3:00 PM,Available
19,03/10/2025,3:00 PM,Available
32,03/11/2025,3:00 PM,Available
45,03/12/2025,3:00 PM,Available
58,03/13/2025,3:00 PM,Available
71,03/14/2025,3:00 PM,Available
84,03/15/2025,3:00 PM,Available
97,03/16/2025,3:00 PM,Available
110,03/17/2025,3:00 PM,Available
123,03/18/2025,3:00 PM,Available
136,03/19/2025,3:00 PM,Available
149,03/20/2025,3:00 PM,Available
162,03/21/2025,3:00 PM,Available
175,03/22/2025,3:00 PM,Available
188,03/23/2025,3:00 PM,Available
201,03/24/2025,3:00 PM,Available
214,03/25/2025,3:00 PM,Available
227,03/26/2025,3:00 PM,Available
240,03/27/2025,3:00 PM,Available
253,03/28/2025,3:00 PM,Available
266,03/29/2025,3:00 PM,Available
279,03/30/2025,3:00 PM,Available
292,03/31/2025,3:00 PM,Available
305,04/01/2025,3:00 PM,Available
318,04/02/2025,3:00 PM,Available
331,04/03/2025,3:00 PM,Available
7,03/09/2025,4:00 PM,Available
20,03/10/2025,4:00 PM,Available
33,03/11/2025,4:00 PM,Available
46,03/12/2025,4:00 PM,Available
59,03/13/2025,4:00 PM,Available
72,03/14/2025,4:00 PM,Available
85,03/15/2025,4:00 PM,Available
98,03/16/2025,4:00 PM,Available
111,03/17/2025,4:00 PM,Available
124,03/18/2025,4:00 PM,Available
137,03/19/2025,4:00 PM,Available
150,03/20/2025,4:00 PM,Available
163,03/21/2025,4:00 PM,Available
176,03/22/2025,4:00 PM,Available
189,03/23/2025,4:00 PM,Available
202,03/24/2025,4:00 PM,Available
215,03/25/2025,4:00 PM,Available
228,03/26/2025,4:00 PM,Available
241,03/27/2025,4:00 PM,Available
254,03/28/2025,4:00 PM,Available
267,03/29/2025,4:00 PM,Available
280,03/30/2025,4:00 PM,Available
293,03/31/2025,4:00 PM,Available
306,04/01/2025,4:00 PM,Available
319,04/02/2025,4:00 PM,Available
332,04/03/2025,4:00 PM,Available
8,03/09/2025,5:00 PM,Available
21,03/10/2025,5:00 PM,Available
34,03/11/2025,5:00 PM,Available
47,03/12/2025,5:00 PM,Available
60,03/13/2025,5:00 PM,Available
73,03/14/2025,5:00 PM,Available
86,03/15/2025,5:00 PM,Available
99,03/16/2025,5:00 PM,Available
112,03/17/2025,5:00 PM,Available
125,03/18/2025,5:00 PM,Available
138,03/19/2025,5:00 PM,Available
151,03/20/2025,5:00 PM,Available
164,03/21/2025,5:00 PM,Available
177,03/22/2025,5:00 PM,Available
190,03/23/2025,5:00 PM,Available
203,03/24/2025,5:00 PM,Available
216,03/25/2025,5:00 PM,Available
229,03/26/2025,5:00 PM,Available
242,03/27/2025,5:00 PM,Available
255,03/28/2025,5:00 PM,Available
268,03/29/2025,5:00 PM,Available
281,03/30/2025,5:00 PM,Available
294,03/31/2025,5:00 PM,Available
307,04/01/2025,5:00 PM,Available
320,04/02/2025,5:00 PM,Available
333,04/03/2025,5:00 PM,Available
9,03/09/2025,6:00 PM,Available
22,03/10/2025,6:00 PM,Available
35,03/11/2025,6:00 PM,Available
48,03/12/2025,6:00 PM,Available
61,03/13/2025,6:00 PM,Available
74,03/14/2025,6:00 PM,Available
87,03/15/2025,6:00 PM,Available
100,03/16/2025,6:00 PM,Available
113,03/17/2025,6:00 PM,Available
126,03/18/2025,6:00 PM,Available
139,03/19/2025,6:00 PM,Available
152,03/20/2025,6:00 PM,Available
165,03/21/2025,6:00 PM,Available
178,03/22/2025,6:00 PM,Available
191,03/23/2025,6:00 PM,Available
204,03/24/2025,6:00 PM,Available
217,03/25/2025,6:00 PM,Available
230,03/26/2025,6:00 PM,Available
243,03/27/2025,6:00 PM,Available
256,03/28/2025,6:00 PM,Available
269,03/29/2025,6:00 PM,Available
282,03/30/2025,6:00 PM,Available
295,03/31/2025,6:00 PM,Available
308,04/01/2025,6:00 PM,Available
321,04/02/2025,6:00 PM,Available
334,04/03/2025,6:00 PM,Available
10,03/09/2025,7:00 PM,Available
23,03/10/2025,7:00 PM,Available
36,03/11/2025,7:00 PM,Available
49,03/12/2025,7:00 PM,Available
62,03/13/2025,7:00 PM,Available
75,03/14/2025,7:00 PM,Available
88,03/15/2025,7:00 PM,Available
101,03/16/2025,7:00 PM,Available
114,03/17/2025,7:00 PM,Available
127,03/18/2025,7:00 PM,Available
140,03/19/2025,7:00 PM,Available
153,03/20/2025,7:00 PM,Available
166,03/21/2025,7:00 PM,Available
179,03/22/2025,7:00 PM,Available
192,03/23/2025,7:00 PM,Available
205,03/24/2025,7:00 PM,Available
218,03/25/2025,7:00 PM,Available
231,03/26/2025,7:00 PM,Available
244,03/27/2025,7:00 PM,Available
257,03/28/2025,7:00 PM,Available
270,03/29/2025,7:00 PM,Available
283,03/30/2025,7:00 PM,Available
296,03/31/2025,7:00 PM,Available
309,04/01/2025,7:00 PM,Available
322,04/02/2025,7:00 PM,Available
335,04/03/2025,7:00 PM,Available
11,03/09/2025,8:00 PM,Available
24,03/10/2025,8:00 PM,Available
37,03/11/2025,8:00 PM,Available
50,03/12/2025,8:00 PM,Available
63,03/13/2025,8:00 PM,Available
76,03/14/2025,8:00 PM,Available
89,03/15/2025,8:00 PM,Available
102,03/16/2025,8:00 PM,Available
115,03/17/2025,8:00 PM,Available
128,03/18/2025,8:00 PM,Available
141,03/19/2025,8:00 PM,Available
154,03/20/2025,8:00 PM,Available
167,03/21/2025,8:00 PM,Available
180,03/22/2025,8:00 PM,Available
193,03/23/2025,8:00 PM,Available
206,03/24/2025,8:00 PM,Available
219,03/25/2025,8:00 PM,Available
232,03/26/2025,8:00 PM,Available
245,03/27/2025,8:00 PM,Available
258,03/28/2025,8:00 PM,Available
271,03/29/2025,8:00 PM,Available
284,03/30/2025,8:00 PM,Available
297,03/31/2025,8:00 PM,Available
310,04/01/2025,8:00 PM,Available
323,04/02/2025,8:00 PM,Available
336,04/03/2025,8:00 PM,Available
12,03/09/2025,9:00 PM,Available
25,03/10/2025,9:00 PM,Available
38,03/11/2025,9:00 PM,Available
51,03/12/2025,9:00 PM,Available
64,03/13/2025,9:00 PM,Available
77,03/14/2025,9:00 PM,Available
90,03/15/2025,9:00 PM,Available
103,03/16/2025,9:00 PM,Available
116,03/17/2025,9:00 PM,Available
129,03/18/2025,9:00 PM,Available
142,03/19/2025,9:00 PM,Available
155,03/20/2025,9:00 PM,Available
168,03/21/2025,9:00 PM,Available
181,03/22/2025,9:00 PM,Available
194,03/23/2025,9:00 PM,Available
207,03/24/2025,9:00 PM,Available
220,03/25/2025,9:00 PM,Available
233,03/26/2025,9:00 PM,Available
246,03/27/2025,9:00 PM,Available
259,03/28/2025,9:00 PM,Available
272,03/29/2025,9:00 PM,Available
285,03/30/2025,9:00 PM,Available
298,03/31/2025,9:00 PM,Available
311,04/01/2025,9:00 PM,Available
324,04/02/2025,9:00 PM,Available
337,04/03/2025,9:00 PM,Available
